{
	"discourseAct": [
		"ack",
		"hello",
		"none",
		"repeat",
		"silence",
		"thankyou"
	],
	"informable":{
		"kind":[
			"sandwich",
			"accompaniment",
			"drink",
			"dessert"
		],
		"name": [
			"Big Mac",
			"Royal Deluxe",
			"Royal Bacon",
			"Royal Cheese",
			"Double Cheeseburger",
			"Hamburger",
			"Double Cheeseburger",
			"McChicken",
			"Chicken McNuggets (4 morceaux)",
			"Chicken McNuggets (6 morceaux)",
			"Chicken McNuggets (9 morceaux)",
			"Chicken McNuggets (20 morceaux)",
			"McFish",
			"Filet-o-Fish",
			"Croque McDo",
			"Cassecroute (Boeuf-Oignons)",
			"Cassecroute (Poulet-Crudites)",
			"M",
			"M Bacon",
			"McWrap Poulet Croustillant & Bacon",
			"McWrap Poulet Croustillant (Poivre)",
			"P'tit Wrap Ranch",
			"P'tit Italien"
		],
		"energy": [
			"free",
			"little",
			"fair",
			"much",
			"enormous"
		],
		"fatness": [
			"free",
			"little",
			"fair",
			"much",
			"enormous",
			"full"
		],
		"sweetness": [
			"free",
			"little",
			"fair",
			"much",
			"enormous",
			"full"
		],
		"saltiness": [
			"free",
			"little",
			"fair",
			"much",
			"enormous"
		],
		"ishappymealonly": [
			"0",
			"1"
		],
		"ishappymealavailable": [
			"0",
			"1"
		],
		"hascheese": [
			"0",
			"1"
		],
		"hasbacon": [
			"0",
			"1"
		],
		"meat": [
			"n/a",
			"beef",
			"ham",
			"chicken",
			"fish"
		],
		"pieces": [
			"0",
			"1",
			"2",
			"3",
			"4",
			"6",
			"9",
			"20"
		]
	},
	"requestable": [
		"name",
		"kind",
		"energy",
		"fatness",
		"sweetness",
		"saltiness",
		"ishappymealavailable",
		"ishappymealonly",
		"meat",
		"pieces"
	],
	"system_requestable": [
		"kind",
		"energy",
		"fatness",
		"sweetness",
		"saltiness",
		"ishappymealavailable",
		"meat"
	],
	"type":"fastfoodorder",
	"method":[
		"none",
		"byconstraints",
		"byname",
		"finished",
		"byalternatives",
		"restart"
	]
}
