{
	"discourseAct":[
		"ack",
		"hello",
		"none",
		"repeat",
		"silence",
		"thankyou"
	],
	"informable":{
		"type":[
			"Bug",
			"Bug-Flying",
			"Bug-Grass",
			"Bug-Poison",
			"Dark",
			"Dark-Normal",
			"Dragon",
			"Dragon-Flying",
			"Electric",
			"Electric-Flying",
			"Electric-Psychic",
			"Electric-Steel",
			"Fairy",
			"Fighting",
			"Fire",
			"Fire-Dragon",
			"Fire-Flying",
			"Fire-Ghost",
			"Ghost-Poison",
			"Grass",
			"Grass-Dragon",
			"Grass-Poison",
			"Grass-Psychic",
			"Ground",
			"Ground-Rock",
			"Ground-Steel",
			"Ice",
			"Ice-Fairy",
			"Ice-Flying",
			"Ice-Psychic",
			"Ice-Steel",
			"Normal",
			"Normal-Fairy",
			"Normal-Flying",
			"Poison",
			"Poison-Dark",
			"Poison-Flying",
			"Poison-Ground",
			"Psychic",
			"Psychic-Fairy",
			"Psychic-Fighting",
			"Rock-Electric",
			"Rock-Flying",
			"Rock-Ground",
			"Rock-Water",
			"Water",
			"Water-Dark",
			"Water-Fighting",
			"Water-Flying",
			"Water-Ice",
			"Water-Poison",
			"Water-Psychic"
		],
		"name":[
			"Bulbasaur",
			"Ivysaur",
			"Venusaur",
			"Venusaur (Mega Venusaur)",
			"Charmander",
			"Charmeleon",
			"Charizard",
			"Charizard (Mega Charizard X)",
			"Charizard (Mega Charizard Y)",
			"Squirtle",
			"Wartortle",
			"Blastoise",
			"Blastoise (Mega Blastoise)",
			"Caterpie",
			"Metapod",
			"Butterfree",
			"Weedle",
			"Kakuna",
			"Beedrill",
			"Beedrill (Mega Beedrill)",
			"Pidgey",
			"Pidgeotto",
			"Pidgeot",
			"Pidgeot (Mega Pidgeot)",
			"Rattata",
			"Rattata (Alolan Rattata)",
			"Raticate",
			"Raticate (Alolan Raticate)",
			"Spearow",
			"Fearow",
			"Ekans",
			"Arbok",
			"Pikachu",
			"Pikachu (Partner Pikachu)",
			"Raichu",
			"Raichu (Alolan Raichu)",
			"Sandshrew",
			"Sandshrew (Alolan Sandshrew)",
			"Sandslash",
			"Sandslash (Alolan Sandslash)",
			"Nidoran♀",
			"Nidorina",
			"Nidoqueen",
			"Nidoran♂",
			"Nidorino",
			"Nidoking",
			"Clefairy",
			"Clefable",
			"Vulpix",
			"Vulpix (Alolan Vulpix",
			"Ninetales",
			"Ninetales (Alolan Ninetales)",
			"Jigglypuff",
			"Wigglytuff",
			"Zubat",
			"Golbat",
			"Oddish",
			"Gloom",
			"Vileplume",
			"Paras",
			"Parasect",
			"Venonat",
			"Venomoth",
			"Diglett",
			"Diglett (Alolan Diglett)",
			"Dugtrio",
			"Dugtrio (Alolan Dugtrio)",
			"Meowth",
			"Meowth (Alolan Meowth",
			"Persian",
			"Persian (Alolan Persian",
			"Psyduck",
			"Golduck",
			"Mankey",
			"Primeape",
			"Growlithe",
			"Arcanine",
			"Poliwag",
			"Poliwhirl",
			"Poliwrath",
			"Abra",
			"Kadabra",
			"Alakazam",
			"Alakazam (Mega Alakazam)",
			"Machop",
			"Machoke",
			"Machamp",
			"Bellsprout",
			"Weepinbell",
			"Victreebel",
			"Tentacool",
			"Tentacruel",
			"Geodude",
			"Geodude (Alolan Geodude)",
			"Graveler",
			"Graveler (Alolan Graveler)",
			"Golem",
			"Golem (Alolan Golem)",
			"Ponyta",
			"Rapidash",
			"Slowpoke",
			"Slowbro",
			"Slowbro (Mega Slowbro)",
			"Magnemite",
			"Magneton",
			"Farfetch",
			"Doduo",
			"Dodrio",
			"Seel",
			"Dewgong",
			"Grimer",
			"Grimer (Alolan Grimer)",
			"Muk",
			"Muk (Alolan Muk)",
			"Shellder",
			"Cloyster",
			"Gastly",
			"Haunter",
			"Gengar",
			"Gengar (Mega Gengar)",
			"Onix",
			"Drowzee",
			"Hypno",
			"Krabby",
			"Kingler",
			"Voltorb",
			"Electrode",
			"Exeggcute",
			"Exeggutor",
			"Exeggutor (Alolan Exeggutor)",
			"Cubone",
			"Marowak",
			"Marowak (Alolan Marowak)",
			"Hitmonlee",
			"Hitmonchan",
			"Lickitung",
			"Koffing",
			"Weezing",
			"Rhyhorn",
			"Rhydon",
			"Chansey",
			"Tangela",
			"Kangaskhan",
			"Kangaskhan (Mega Kangaskhan)",
			"Horsea",
			"Seadra",
			"Goldeen",
			"Seaking",
			"Staryu",
			"Starmie",
			"Mr. Mime",
			"Scyther",
			"Jynx",
			"Electabuzz",
			"Magmar",
			"Pinsir",
			"Pinsir (Mega Pinsir)",
			"Tauros",
			"Magikarp",
			"Gyarados",
			"Gyarados (Mega Gyarados)",
			"Lapras",
			"Ditto",
			"Eevee",
			"Eevee (Partner Eevee)",
			"Vaporeon",
			"Jolteon",
			"Flareon",
			"Porygon",
			"Omanyte",
			"Omastar",
			"Kabuto",
			"Kabutops",
			"Aerodactyl",
			"Aerodactyl (Mega Aerodactyl)",
			"Snorlax",
			"Articuno",
			"Zapdos",
			"Moltres",
			"Dratini",
			"Dragonair",
			"Dragonite",
			"Mewtwo",
			"Mewtwo (Mega Mewtwo X)",
			"Mewtwo (Mega Mewtwo Y)",
			"Mew"
		]
	},
	"requestable":[
		"id",
		"name",
		"type",
		"iv",
		"hp",
		"atk",
		"def",
		"atk_spe",
		"def_spe",
		"speed"
	],
	"system_requestable":[
		"type"
	],
	"type":"pokemon",
	"method":[
		"none",
		"byconstraints",
		"byname",
		"finished",
		"byalternatives",
		"restart"
	]
}

