{
   "discourseAct":[
      "ack",
      "hello",
      "none",
      "repeat",
      "silence",
      "thankyou"
   ],
   "informable":{
      "dogsallowed":[
         "0",
         "1"
      ], 
      "area":[
         "frederick douglass haynes gardens",
         "friendship village",
         "opera plaza",
         "tenderloin",
         "downtown",
         "hayes valley",
         "civic center",
         "south of market",
         "mission dolores",
         "financial district south",
         "potrero flats",
         "somisspo",
         "showplace square",
         "noma",
         "van ness",
         "financial district",
         "thomas paine square",
         "malcolm x square",
         "cathedral hill",
         "marcus garvey square",
         "martin luther king square",
         "western addition",
         "anza vista",
         "st francis square",
         "lower haight",
         "north park",
         "alamo square",
         "duboce triangle",
         "little osaka",
         "lower nob hill",
         "amanico ergina village",
         "inner mission",
         "mission district",
         "mastro",
         "lower pacific heights",
         "nob hill",
         "zion district",
         "chinatown",
         "pacific heights",
         "russian hill",
         "potrero hill",
         "victoria mews",
         "central waterfront",
         "dogpatch",
         "buena vista park",
         "eureka valley",
         "castro",
         "eureka valley dolores heights",
         "haight ashbury",
         "north panhandle",
         "ashbury heights",
         "cole valley",
         "panhandle",
         "mission bay",
         "upper market",
         "corona heights",
         "south beach",
         "dolores heights",
         "noe valley",
         "clarendon heights",
         "embarcadero",
         "cow hollow",
         "lone mountain",
         "north beach",
         "telegraph hill",
         "little italy",
         "fishermans wharf",
         "fort mason",
         "laurel heights",
         "bernal heights",
         "bernal heights north",
         "bernal heights south",
         "transmission",
         "north waterfront",
         "marina district",
         "jordan park",
         "twin peaks",
         "presidio heights",
         "vista del monte",
         "forest knolls",
         "midtown terrace",
         "west of twin peaks",
         "lake",
         "inner richmond",
         "fort winfield scott",
         "diamond heights",
         "glenridge",
         "glen park",
         "sunnyside",
         "richmond district",
         "forest hill",
         "st francis wood",
         "miraloma park",
         "monterey heights",
         "sherwood forest",
         "west portal",
         "westwood highlands",
         "golden gate heights",
         "laguna honda",
         "saint francis wood",
         "inset",
         "presidio",
         "twin peaks west",
         "sea cliff",
         "forest hill extension",
         "central richmond",
         "outer richmond",
         "lincoln park",
         "golden gate park",
         "little russia",
         "inner sunset",
         "silver terrace",
         "bayview district",
         "portola",
         "india basin",
         "balboa terrace",
         "ingleside terrace",
         "mount davidson manor",
         "inner parkside",
         "yerba buena island",
         "visitacion valley",
         "excelsior",
         "crocker amazon",
         "mission terrace",
         "cayuga terrace",
         "sunnydale",
         "bayview heights",
         "little hollywood",
         "doelger city",
         "central sunset",
         "outer sunset",
         "outset",
         "sunset district",
         "hunters point",
         "south basin",
         "treasure island",
         "lincoln park lobos",
         "westwood park",
         "ingleside",
         "oceanview",
         "outer mission",
         "parkside",
         "outer parkside",
         "merced manor",
         "pine lake park",
         "lakeside",
         "ingleside heights",
         "merced heights",
         "san francisco state university",
         "stonestown",
         "lake shore",
         "parkmerced",
         "westlake and olympic",
         "park merced",
         "san francisco airport"
      ],
      "hasinternet":[
         "0",
         "1"
      ], 
      "near":[
         "near 1 place",
         "near 2 place",
         "near 3 place",
         "near 4 place",
         "near 5 place",
         "near 6 place",
         "near 7 place",
         "near 8 place",
         "near 9 place",
         "near 10 place",
         "near 11 place",
         "japantown",
         "near 13 place",
         "near 14 place",
         "marina cow hollow",
         "mission",
         "near 17 place",
         "north beach telegraph hill",
         "near 19 place",
         "near 20 place",
         "near 21 place",
         "near 22 place",
         "near 23 place",
         "near 24 place",
         "soma",
         "near 26 place",
         "haight",
         "union square"
      ],
      "pricerange":[
         "inexpensive",
         "moderate",
         "pricey",
         "ultra high end"
      ],
     "acceptscreditcards":[
         "0",
         "1"
      ],
      "name":[
         "24 henry f village house guesthouse",
         "adante hotel",
         "ambassador hotel",
         "americas best value inn and suites",
         "argonaut hotel c a kimpton hotel",
         "baldwin hotel",
         "balmoral hotel north no 2",
         "basque hotel",
         "bay bridge inn",
         "becks motor lodge",
         "beresford hotel",
         "best western hotel california",
         "buena vista motor inn",
         "carl hotel",
         "cartwright hotel union square",
         "casa loma hotel",
         "casa melissa",
         "castle inn motel",
         "chancellor hotel",
         "chateau tivoli bed and breakfast inn",
         "civic center motor inn",
         "clift hotel",
         "columbus motor inn",
         "comfort inn by the bay",
         "connections sf",
         "cornell hotel de france",
         "courtyard by marriott hotel",
         "courtyard san francisco downtown",
         "cow hollow motor inn",
         "da vinci villa",
         "dakota hotel",
         "days inn san francisco downtown fcivic center area",
         "edwardian san francisco hotel",
         "embassy hotel",
         "encore express hotel",
         "eula hotel",
         "executive hotel vintage court",
         "fairmont heritage place c ghirardelli square",
         "four seasons hotel san francisco",
         "galleria park hotel",
         "golden gate hotel",
         "grand hyatt san francisco",
         "grant hotel",
         "grant plaza hotel",
         "harbor court hotel c a kimpton hotel",
         "hayes valley inn",
         "hilton san francisco financial district",
         "hilton san francisco union square",
         "holiday inn express hotel san francisco fishermans wharf",
         "holiday inn golden gateway hotel",
         "holiday inn hotel san francisco fishermans wharf",
         "holiday inn san francisco civic center",
         "hotel abri",
         "hotel adagio",
         "hotel aida",
         "hotel astoria",
         "hotel bijou",
         "hotel boheme",
         "hotel carlton",
         "hotel del sol",
         "hotel des arts",
         "hotel diva",
         "hotel drisco",
         "hotel fusion",
         "hotel griffon",
         "hotel herbert",
         "hotel kabuki",
         "hotel majestic",
         "hotel mark twain",
         "hotel metropolis",
         "hotel mirabelle",
         "hotel monaco san francisco c a kimpton hotel",
         "hotel nikko",
         "hotel north beach",
         "hotel palomar san francisco c a kimpton hotel",
         "hotel rex",
         "hotel stratford",
         "hotel tomo",
         "hotel triton c a kimpton hotel",
         "hotel union square",
         "hotel vertigo",
         "hotel vitale",
         "hotel whitcomb restaurant",
         "hotel whitcomb",
         "hotel zetta san francisco",
         "huntington hotel",
         "hyatt fishermans wharf",
         "hyatt regency san francisco",
         "inn at the presidio",
         "inn on castro",
         "intercontinental mark hopkins",
         "intercontinental san francisco",
         "italian american hotel",
         "jw marriott san francisco union square",
         "kean hotel",
         "kenmore res club",
         "kensington park hotel",
         "kimpton hotel and restaurant group",
         "king george hotel",
         "la luna inn",
         "larkspur hotel union square",
         "laurel inn",
         "le meridien san francisco",
         "mandarin oriental c san francisco",
         "marina inn",
         "marina motel",
         "marines memorial club and hotel",
         "metro hotel",
         "motel 6",
         "mystic hotel",
         "nob hill motor inn",
         "noes nest bed and breakfast",
         "ocean park motel",
         "omni san francisco",
         "orchard garden hotel",
         "palace hotel",
         "palo alto hotel",
         "parc 55 wyndham san francisco union square",
         "park hotel",
         "parker guest house",
         "petite auberge",
         "phoenix hotel",
         "pickwick hotel",
         "pier 2620 hotel fishermans wharf",
         "pontiac hostel hotel",
         "post hotel",
         "prescott hotel c a kimpton hotel",
         "queen anne hotel",
         "radisson hotel fishermans wharf",
         "red victorian bed breakfast and arts cafe",
         "ritz carlton club",
         "royal pacific motor inn",
         "san francisco inn civic center",
         "san francisco marriott fishermans wharf",
         "san francisco marriott marquis",
         "san francisco marriott union square",
         "san remo hotel",
         "seal rock inn",
         "seaside inn",
         "serrano hotel",
         "sheraton fishermans wharf hotel",
         "sir francis drake c a kimpton hotel",
         "sleep over sauce",
         "stanford court san francisco",
         "stanyan park hotel",
         "suites at fishermans wharf",
         "super 8 hotel of san francisco",
         "super 8 san francisco funion square area",
         "sw hotel",
         "taj campton place",
         "taylor hotel union square",
         "the carriage inn",
         "the coventry motor inn",
         "the donatello",
         "the fairmont san francisco",
         "the gaylord suites",
         "the good hotel",
         "the hotel mayflower",
         "the inn at union square",
         "the inn san francisco",
         "the mosser hotel",
         "the opal",
         "the orchard hotel",
         "the powell hotel",
         "the regency inn",
         "the ritz carlton c san francisco",
         "the st regis san francisco",
         "the tuscan best western plus",
         "the westin san francisco market street",
         "the westin st francis san francisco on union square",
         "the wharf inn",
         "travelodge at the presidio",
         "twin peaks hotel",
         "union hotel",
         "union square plaza hotel",
         "union street inn",
         "villa florence",
         "w san francisco",
         "washington square inn",
         "willows inn",
         "winsor hotel",
         "worldmark san francisco"
      ]
   },
   "requestable":[
      "name",
      "phone",
      "near",
      "postcode",
      "addr",
      "area",
      "pricerange",
      "hasinternet",
      "dogsallowed",
      "acceptscreditcards"
   ],
   "system_requestable":[
      "near",
      "area",
      "pricerange",
      "hasinternet",
      "dogsallowed",
      "acceptscreditcards"
   ],
   "type":"hotel",
   "method":[
      "none",
      "byconstraints",
      "byname",
      "finished",
      "byalternatives",
      "restart"
   ]
}
