{
   "discourseAct":[
      "ack",
      "hello",
      "none",
      "repeat",
      "silence",
      "thankyou"
   ],
   "informable":{
      "goodformeal":[
         "breakfast",
         "brunch",
         "dinner",
         "lunch"
      ], 
      "area":[
         "frederick douglass haynes gardens",
         "friendship village",
         "opera plaza",
         "tenderloin",
         "downtown",
         "hayes valley",
         "civic center",
         "south of market",
         "mission dolores",
         "financial district south",
         "potrero flats",
         "somisspo",
         "showplace square",
         "noma",
         "van ness",
         "financial district",
         "thomas paine square",
         "malcolm x square",
         "cathedral hill",
         "marcus garvey square",
         "martin luther king square",
         "western addition",
         "anza vista",
         "st francis square",
         "lower haight",
         "north park",
         "alamo square",
         "duboce triangle",
         "little osaka",
         "lower nob hill",
         "amanico ergina village",
         "inner mission",
         "mission district",
         "mastro",
         "lower pacific heights",
         "nob hill",
         "zion district",
         "chinatown",
         "pacific heights",
         "russian hill",
         "potrero hill",
         "victoria mews",
         "central waterfront",
         "dogpatch",
         "buena vista park",
         "eureka valley",
         "castro",
         "eureka valley dolores heights",
         "haight ashbury",
         "north panhandle",
         "ashbury heights",
         "cole valley",
         "panhandle",
         "mission bay",
         "upper market",
         "corona heights",
         "south beach",
         "dolores heights",
         "noe valley",
         "clarendon heights",
         "embarcadero",
         "cow hollow",
         "lone mountain",
         "north beach",
         "telegraph hill",
         "little italy",
         "fishermans wharf",
         "fort mason",
         "laurel heights",
         "bernal heights",
         "bernal heights north",
         "bernal heights south",
         "transmission",
         "north waterfront",
         "marina district",
         "jordan park",
         "twin peaks",
         "presidio heights",
         "vista del monte",
         "forest knolls",
         "midtown terrace",
         "west of twin peaks",
         "lake",
         "inner richmond",
         "fort winfield scott",
         "diamond heights",
         "glenridge",
         "glen park",
         "sunnyside",
         "richmond district",
         "forest hill",
         "st francis wood",
         "miraloma park",
         "monterey heights",
         "sherwood forest",
         "west portal",
         "westwood highlands",
         "golden gate heights",
         "laguna honda",
         "saint francis wood",
         "inset",
         "presidio",
         "twin peaks west",
         "sea cliff",
         "forest hill extension",
         "central richmond",
         "outer richmond",
         "lincoln park",
         "golden gate park",
         "little russia",
         "inner sunset",
         "silver terrace",
         "bayview district",
         "portola",
         "india basin",
         "balboa terrace",
         "ingleside terrace",
         "mount davidson manor",
         "inner parkside",
         "yerba buena island",
         "visitacion valley",
         "excelsior",
         "crocker amazon",
         "mission terrace",
         "cayuga terrace",
         "sunnydale",
         "bayview heights",
         "little hollywood",
         "doelger city",
         "central sunset",
         "outer sunset",
         "outset",
         "sunset district",
         "hunters point",
         "south basin",
         "treasure island",
         "lincoln park lobos",
         "westwood park",
         "ingleside",
         "oceanview",
         "outer mission",
         "parkside",
         "outer parkside",
         "merced manor",
         "pine lake park",
         "lakeside",
         "ingleside heights",
         "merced heights",
         "san francisco state university",
         "stonestown",
         "lake shore",
         "parkmerced",
         "westlake and olympic",
         "park merced",
         "san francisco airport"
      ],
      "food":[
         "afghan",
         "arabian",
         "asian",
         "basque",
         "brasseries",
         "brazilian",
         "buffets",
         "burgers",
         "burmese",
         "cafes",
         "cambodian",
         "cantonese",
         "chinese",
         "comfort food",
         "creperies",
         "dim sum",
         "ethiopian",
         "ethnic food",
         "french",
         "gluten free",
         "himalayan",
         "indian",
         "indonesian",
         "indpak",
         "italian",
         "japanese",
         "korean",
         "kosher",
         "latin",
         "lebanese",
         "lounges",
         "malaysian",
         "mediterranean",
         "mexican",
         "middle eastern",
         "modern european",
         "moroccan",
         "new american",
         "pakistani",
         "persian",
         "peruvian",
         "pizza",
         "raw food",
         "russian",
         "sandwiches",
         "sea food",
         "shanghainese",
         "singaporean",
         "soul food",
         "spanish",
         "steak",
         "sushi",
         "taiwanese",
         "tapas",
         "thai",
         "traditionnal american",
         "turkish",
         "vegetarian",
         "vietnamese"
      ],
      "price":[
         "10 dollar",
         "10 euro",
         "11 euro",
         "15 euro",
         "18 euro",
         "20 euro",
         "22 euro",
         "25 euro",
         "26 euro",
         "29 euro",
         "37 euro",
         "6",
         "7",
         "9",
         "between 0 and 15 euro",
         "between 10 and 13 euro",
         "between 10 and 15 euro",
         "between 10 and 18 euro",
         "between 10 and 20 euro",
         "between 10 and 23 euro",
         "between 10 and 30 euro",
         "between 11 and 15 euro",
         "between 11 and 18 euro",
         "between 11 and 22 euro",
         "between 11 and 25 euro",
         "between 11 and 29 euro",
         "between 11 and 35 euro",
         "between 13 and 15 euro",
         "between 13 and 18 euro",
         "between 13 and 24 euro",
         "between 15 and 18 euro",
         "between 15 and 22 euro",
         "between 15 and 26 euro",
         "between 15 and 29 euro",
         "between 15 and 33 euro",
         "between 15 and 44 euro",
         "between 15 and 58 euro",
         "between 18 and 26 euro",
         "between 18 and 29 euro",
         "between 18 and 44 euro",
         "between 18 and 55 euro",
         "between 18 and 58 euro",
         "between 18 and 73 euro",
         "between 18 and 78 euro",
         "between 2 and 15 euro",
         "between 20 and 30 euro",
         "between 21 and 23 euro",
         "between 22 and 29 euro",
         "between 22 and 30 dollar",
         "between 22 and 37 euro",
         "between 22 and 58 euro",
         "between 22 and 73 euro",
         "between 23 and 29 euro",
         "between 23 and 29",
         "between 23 and 37 euro",
         "between 23 and 58 euro",
         "between 23 and 58",
         "between 26 and 33 euro",
         "between 26 and 34 euro",
         "between 26 and 37 euro",
         "between 29 and 37 euro",
         "between 29 and 44 euro",
         "between 29 and 58 euro",
         "between 29 and 73 euro",
         "between 30 and 58 euro",
         "between 30 and 58",
         "between 31 and 50 euro",
         "between 37 and 110 euro",
         "between 37 and 44 euro",
         "between 37 and 58 euro",
         "between 4 and 22 euro",
         "between 4 and 58 euro",
         "between 5 an 30 euro",
         "between 5 and 10 euro",
         "between 5 and 11 euro",
         "between 5 and 15 dollar",
         "between 5 and 20 euro",
         "between 5 and 25 euro",
         "between 6 and 10 euro",
         "between 6 and 11 euro",
         "between 6 and 15 euro",
         "between 6 and 29 euro",
         "between 7 and 11 euro",
         "between 7 and 13 euro",
         "between 7 and 15 euro",
         "between 7 and 37 euro",
         "between 8 and 22 euro",
         "between 9 and 13 dolllar",
         "between 9 and 15 euro",
         "between 9 and 58 euro",
         "bteween 11 and 15 euro",
         "bteween 15 and 22 euro",
         "bteween 22 and 37",
         "bteween 30 and 58 euro",
         "bteween 51 and 73 euro",
         "netween 20 and 30 euro"
      ],
      "allowedforkids":[
         "0",
         "1"
      ],
      "near":[
         "mission",
         "north beach telegraph hill",
         "nopa",
         "marina cow hollow",
         "soma",
         "union square",
         "japantown",
         "haight",
         "bayview hunters point"
      ],
      "pricerange":[
         "cheap",
         "expensive",
         "moderate"
      ], 
      "name":[
         "a 16",
         "a la turca restaurant",
         "abacus",
         "alamo square seafood grill",
         "albona ristorante istriano",
         "alborz persian cuisine",
         "allegro romano",
         "amarena",
         "amber india",
         "ame",
         "ananda fuara",
         "anchor oyster bar",
         "angkor borei restaurant",
         "aperto restaurant",
         "ar roi restaurant",
         "arabian nights restaurant",
         "assab eritrean restaurant",
         "atelier crenn",
         "aux delices restaurant",
         "aziza",
         "b star bar",
         "bar crudo",
         "beijing restaurant",
         "bella trattoria",
         "benu",
         "betelnut",
         "bistro central parc",
         "bix",
         "borgo",
         "borobudur restaurant",
         "bouche",
         "boulevard",
         "brothers restaurant",
         "bund shanghai restaurant",
         "burma superstar",
         "butterfly",
         "cafe claude",
         "cafe jacqueline",
         "campton place restaurant",
         "canteen",
         "canto do brasil restaurant",
         "capannina",
         "capital restaurant",
         "chai yo thai restaurant",
         "chaya brasserie",
         "chenery park",
         "chez maman",
         "chez papa bistrot",
         "chez spencer",
         "chiaroscuro",
         "chouchou",
         "chow",
         "city view restaurant",
         "claudine",
         "coi",
         "colibri mexican bistro",
         "coqueta",
         "crustacean restaurant",
         "da flora a venetian osteria",
         "darbar restaurant",
         "delancey street restaurant",
         "delfina",
         "dong baek restaurant",
         "dosa on fillmore",
         "dosa on valencia",
         "eiji",
         "enjoy vegetarian restaurant",
         "espetus churrascaria",
         "fang",
         "farallon",
         "fattoush restaurant",
         "fifth floor",
         "fino restaurant",
         "firefly",
         "firenze by night ristorante",
         "fleur de lys",
         "fog harbor fish house",
         "forbes island",
         "foreign cinema",
         "frances",
         "franchino",
         "franciscan crab restaurant",
         "frascati",
         "fresca",
         "fringale",
         "fujiyama ya japanese restaurant",
         "gajalee",
         "gamine",
         "garcon restaurant",
         "gary danko",
         "gitane",
         "golden era restaurant",
         "gracias madre",
         "great eastern restaurant",
         "hakka restaurant",
         "hakkasan",
         "han second kwan",
         "heirloom cafe",
         "helmand palace",
         "hi dive",
         "hillside supper club",
         "hillstone",
         "hong kong clay pot restaurant",
         "house of nanking",
         "house of prime rib",
         "hunan homes restaurant",
         "incanto",
         "isa",
         "jannah",
         "jasmine garden",
         "jitlada thai cuisine",
         "kappa japanese restaurant",
         "kim thanh restaurant",
         "kirin chinese restaurant",
         "kiss seafood",
         "kokkari estiatorio",
         "la briciola",
         "la ciccia",
         "la folie",
         "la mediterranee",
         "la traviata",
         "lahore karahi",
         "lavash",
         "le charm",
         "le colonial",
         "le soleil",
         "lime tree southeast asian kitchen",
         "little delhi",
         "little nepal",
         "luce",
         "lucky creation restaurant",
         "luella",
         "lupa",
         "m y china",
         "maki restaurant",
         "mangia tutti ristorante",
         "manna",
         "marlowe",
         "marnee thai",
         "maverick",
         "mela tandoori kitchen",
         "mescolanza",
         "mezes",
         "michael mina restaurant",
         "millennium",
         "minako organic japanese restaurant",
         "minami restaurant",
         "mission chinese food",
         "mochica",
         "modern thai",
         "mona lisa restaurant",
         "mozzeria",
         "muguboka restaurant",
         "my tofu house",
         "nicaragua restaurant",
         "nob hill cafe",
         "nopa",
         "old jerusalem restaurant",
         "old skool cafe",
         "one market restaurant",
         "orexi",
         "original us restaurant",
         "osha thai",
         "oyaji restaurant",
         "ozumo",
         "pad thai restaurant",
         "panta rei restaurant",
         "park tavern",
         "pera",
         "piperade",
         "ploy 2",
         "poc chuc",
         "poesia",
         "prospect",
         "quince",
         "radius san francisco",
         "range",
         "red door cafe",
         "restaurant ducroix",
         "ristorante bacco",
         "ristorante ideale",
         "ristorante milano",
         "ristorante parma",
         "rn74",
         "rue lepic",
         "saha",
         "sai jai thai restaurant",
         "salt house",
         "san tung chinese restaurant",
         "san wang restaurant",
         "sanjalisco",
         "sanraku",
         "seasons",
         "seoul garden",
         "seven hills",
         "shangri la vegetarian restaurant",
         "singapore malaysian restaurant",
         "skool",
         "so",
         "sotto mare",
         "source",
         "specchio ristorante",
         "spruce",
         "straits restaurant",
         "stroganoff restaurant",
         "sunflower potrero hill",
         "sushi bistro",
         "taiwan restaurant",
         "tanuki restaurant",
         "tataki",
         "tekka japanese restaurant",
         "thai cottage restaurant",
         "thai house express",
         "thai idea vegetarian",
         "thai time restaurant",
         "thanh long",
         "the big 4 restaurant",
         "the blue plate",
         "the house",
         "the richmond",
         "the slanted door",
         "the stinking rose",
         "thep phanom thai restaurant",
         "tommys joynt",
         "toraya japanese restaurant",
         "town hall",
         "trattoria contadina",
         "tu lan",
         "tuba restaurant",
         "u lee restaurant",
         "udupi palace",
         "venticello ristorante",
         "vicoletto",
         "yank sing",
         "yummy yummy",
         "z and y restaurant",
         "zadin",
         "zare at fly trap",
         "zarzuela",
         "zen yai thai restaurant",
         "zuni cafe",
         "zushi puzzle"
      ]
   },
   "requestable":[
      "name",
      "phone",
      "near",
      "postcode",
      "addr",
      "area",
      "food",
      "pricerange",
      "goodformeal",
      "allowedforkids",
      "price"
   ],
   "system_requestable":[
      "near",
      "area",
      "food",
      "pricerange",
      "goodformeal",
      "allowedforkids"
   ],
   "type":"restaurant",
   "method":[
      "none",
      "byconstraints",
      "byname",
      "finished",
      "byalternatives",
      "restart"
   ]
}
