{
    "type":"laptop",
    "requestable":[
      "name",
      "family",
      "utility",
      "pricerange",
      "driverange",
      "weightrange",
      "batteryrating",
      "price",
      "platform",
      "processorclass",
      "processor",
      "sysmemory",
      "drive",
      "graphadaptor",
      "display",
      "design",
      "battery",
      "weight",
      "dimension",
      "warranty",
      "isforbusinesscomputing"
   ],
     "system_requestable":[
      "family",
      "utility",
      "pricerange",
      "driverange",
      "weightrange",
      "batteryrating",
      "platform",
      "processorclass",
      "sysmemory",
      "warranty",
      "isforbusinesscomputing"
   ],
    "method":[
      "none",
      "byconstraints",
      "byname",
      "finished",
      "byalternatives",
      "restart"
   ],
   "discourseAct":[
      "ack",
      "hello",
      "none",
      "repeat",
      "silence",
      "thankyou"
   ],
   "informable":{
      "warranty":[
         "1 year european",
         "1 year international",
         "3 year international"
      ],
      "isforbusinesscomputing":[
         "0",
         "1"
      ],
      "name":[
         "satellite-nb10t-a-102",
         "satellite-nb10t-a-101",
         "satellite-u920t-10p",
         "satellite-u920t-11c",
         "satellite-u920t-117",
         "satellite-u940-11f",
         "satellite-u50t-a-10f",
         "satellite-u50t-a-10e",
         "satellite-p50t-a-125",
         "satellite-s70-a-11h",
         "satellite-p70-a-11r",
         "satellite-p875-31p",
         "satellite-w30dt-a-100",
         "satellite-w30t-a-101",
         "satellite-m50dt-a-106",
         "satellite-m50-a-11n",
         "satellite-m50-a-11c",
         "satellite-m50-a-11p",
         "satellite-s50d-a-10f",
         "satellite-s50d-a-10h",
         "satellite-s50d-a-10g",
         "satellite-c50-a-1jp",
         "satellite-c50t-a-11d",
         "satellite-c50-a-1jn",
         "satellite-c50-a-1jm",
         "satellite-c50-a-1jq",
         "satellite-c50t-a-10t",
         "satellite-c50d-a-133",
         "satellite-c50d-a-138",
         "satellite-c50d-a-136",
         "satellite-c50-a-1dt",
         "satellite-c50-a-146",
         "satellite-c50t-a-10j",
         "satellite-c55-a-1n4",
         "satellite-c55-a-1r9",
         "satellite-c55-a-1r6",
         "satellite-c55-a-1r7",
         "satellite-c55-a-1uc",
         "satellite-c55-a-1r8",
         "satellite-c55-a-1n0",
         "satellite-c55-a-1he",
         "satellite-c55-a-1hl",
         "satellite-c55d-a-13u",
         "satellite-c55-a-1hn",
         "satellite-c55-a-1ck",
         "satellite-c55-a-100",
         "satellite-c850-1mc",
         "satellite-c70-a-16p",
         "satellite-c70d-a-114",
         "satellite-c70d-a-111",
         "satellite-c70-a-107",
         "satellite-c75-a-14x",
         "satellite-c75-a-156",
         "satellite-c75-a-13n",
         "satellite-c75-a-10p",
         "tecra-w50-a-102",
         "tecra-z50-a-11h",
         "tecra-z50-a-11j",
         "tecra-z50-a-106",
         "tecra-z40-a-140",
         "tecra-z40-a-119",
         "tecra-z40-a-11u",
         "tecra-z40-a-112",
         "tecra-z40-a-111",
         "tecra-a50-a-19j",
         "tecra-a50-a-15r",
         "tecra-a50-a-151",
         "tecra-a50-a-12m",
         "tecra-r940-1mj",
         "tecra-r940-1jg",
         "tecra-r940-1jh",
         "tecra-r940-1fe",
         "tecra-r950-1cl",
         "tecra-r950-1en",
         "tecra-r950-1em",
         "tecra-r950-1ej",
         "tecra-r950-1ek",
         "tecra-r950-153",
         "satellite-pro-c70-a-16d",
         "satellite-pro-c70-a-16f",
         "satellite-pro-c70-a-17l",
         "satellite-pro-c70-a-13l",
         "satellite-pro-c70-a-159",
         "satellite-pro-nb10-a-10p",
         "satellite-pro-nb10t-a-106",
         "satellite-pro-c50-a-1m3",
         "satellite-pro-c50d-a-145",
         "satellite-pro-c50-a-1e0",
         "satellite-pro-c50-a-1e6",
         "satellite-pro-c50-a-1e2",
         "satellite-pro-c50-a-1e4",
         "satellite-pro-c50-a-1e1",
         "satellite-pro-c50-a-1k9",
         "satellite-pro-c50-a-136",
         "satellite-pro-c50-a-137",
         "satellite-pro-l830-17t",
         "satellite-pro-l830-172",
         "portege-z10t-a-12n",
         "portege-z10t-a-11z",
         "portege-z10t-a-106",
         "portege-z10t-a-104",
         "portege-z10t-a-103",
         "portege-r30-a-15n",
         "portege-z30-a-108",
         "portege-z30-a-13w",
         "portege-z30-a-138",
         "portege-z30-a-10p",
         "portege-z30-a-10w",
         "portege-z30-a-116",
         "portege-z30-a-13x",
         "portege-r930-14x",
         "portege-r930-1cw",
         "portege-r930-1d0",
         "portege-r930-1d7",
         "portege-r930-1cz",
         "portege-r930-1cx",
         "portege-z930-16g",
         "portege-z930-14d",
         "portege-z930-153",
         "portege-z930-14c",
         "portege-z930-151",
         "portege-z930-14l",
         "portege-z930-14n"
      ],
      "family":[
         "satellite",
         "tecra",
         "satellite pro",
         "portege"
      ],
      "batteryrating":[
         "standard",
         "good",
         "exceptional"
      ],  
      "platform":[
         "windows 8",
         "windows 8 pro",
         "windows 8.1",
         "windows 8.1 pro",
         "windows 7 pro"
      ],
      "processorclass":[
         "intel pentium",
         "intel celeron",
         "intel core i3",
         "intel core i5",
         "intel core i7",
         "amd a4",
         "amd a6",
         "amd a8",
         "amd a10",
         "amd essentials"
      ],
      "pricerange":[
         "budget",
         "moderate",
         "expensive"
      ],
      "driverange":[
         "small",
         "medium",
         "large"
      ], 
      "sysmemory":[
         "2 gb",
         "4 gb",
         "6 gb",
         "8 gb",
         "12 gb",
         "16 gb",
         "32 gb"
      ],
      "weightrange":[
         "light weight",
         "mid weight",
         "heavy"
      ],
      "utility":[
         "thin light and ultrabook",
         "touchscreen",
         "everyday computing",
         "entertainment",
         "performance mobile",
         "ultrabook",
         "ultra mobile"
      ]
   } 
}
