{
    "requestable": [
        "addr", 
        "area", 
        "food", 
        "phone", 
        "pricerange", 
        "postcode", 
        "signature", 
        "name"
    ], 
    "method": [
        "none", 
        "byconstraints", 
        "byname", 
        "finished", 
        "byalternatives"
    ], 
    "informable": {
        "food": [
            "afghan", 
            "african", 
            "afternoon tea", 
            "asian oriental", 
            "australasian", 
            "australian", 
            "austrian", 
            "barbeque", 
            "basque", 
            "belgian", 
            "bistro", 
            "brazilian", 
            "british", 
            "canapes", 
            "cantonese", 
            "caribbean", 
            "catalan", 
            "chinese", 
            "christmas", 
            "corsica", 
            "creative", 
            "crossover", 
            "cuban", 
            "danish", 
            "eastern european", 
            "english", 
            "eritrean", 
            "european", 
            "french", 
            "fusion", 
            "gastropub", 
            "german", 
            "greek", 
            "halal", 
            "hungarian", 
            "indian", 
            "indonesian", 
            "international", 
            "irish", 
            "italian", 
            "jamaican", 
            "japanese", 
            "korean", 
            "kosher", 
            "latin american", 
            "lebanese", 
            "light bites", 
            "malaysian", 
            "mediterranean", 
            "mexican", 
            "middle eastern", 
            "modern american", 
            "modern eclectic", 
            "modern european", 
            "modern global", 
            "molecular gastronomy", 
            "moroccan", 
            "new zealand", 
            "north african", 
            "north american", 
            "north indian", 
            "northern european", 
            "panasian", 
            "persian", 
            "polish", 
            "polynesian", 
            "portuguese", 
            "romanian", 
            "russian", 
            "scandinavian", 
            "scottish", 
            "seafood", 
            "singaporean", 
            "south african", 
            "south indian", 
            "spanish", 
            "sri lankan", 
            "steakhouse", 
            "swedish", 
            "swiss", 
            "thai", 
            "the americas", 
            "traditional", 
            "turkish", 
            "tuscan", 
            "unusual", 
            "vegetarian", 
            "venetian", 
            "vietnamese", 
            "welsh", 
            "world"
        ], 
        "pricerange": [
            "cheap", 
            "moderate", 
            "expensive"
        ], 
        "name": [
            "ali baba", 
            "anatolia", 
            "ask", 
            "backstreet bistro", 
            "bangkok city", 
            "bedouin", 
            "bloomsbury restaurant", 
            "caffe uno", 
            "cambridge lodge restaurant", 
            "charlie chan", 
            "chiquito restaurant bar", 
            "city stop restaurant", 
            "clowns cafe", 
            "cocum", 
            "cote", 
            "cotto", 
            "curry garden", 
            "curry king", 
            "curry prince", 
            "curry queen", 
            "da vinci pizzeria", 
            "da vince pizzeria", 
            "darrys cookhouse and wine shop", 
            "de luca cucina and bar", 
            "dojo noodle bar", 
            "don pasquale pizzeria", 
            "efes restaurant", 
            "eraina", 
            "fitzbillies restaurant", 
            "frankie and bennys", 
            "galleria", 
            "golden house", 
            "golden wok", 
            "gourmet burger kitchen", 
            "graffiti", 
            "grafton hotel restaurant", 
            "hakka", 
            "hk fusion", 
            "hotel du vin and bistro", 
            "india house", 
            "j restaurant", 
            "jinling noodle bar", 
            "kohinoor", 
            "kymmoy", 
            "la margherita", 
            "la mimosa", 
            "la raza", 
            "la tasca", 
            "lan hong house", 
            "little seoul", 
            "loch fyne", 
            "mahal of cambridge", 
            "maharajah tandoori restaurant", 
            "meghna", 
            "meze bar restaurant", 
            "michaelhouse cafe", 
            "midsummer house restaurant", 
            "nandos", 
            "nandos city centre", 
            "panahar", 
            "peking restaurant", 
            "pipasha restaurant", 
            "pizza express", 
            "pizza express fen ditton", 
            "pizza hut", 
            "pizza hut city centre", 
            "pizza hut cherry hinton", 
            "pizza hut fen ditton", 
            "prezzo", 
            "rajmahal", 
            "restaurant alimentum", 
            "restaurant one seven", 
            "restaurant two two", 
            "rice boat", 
            "rice house", 
            "riverside brasserie", 
            "royal spice", 
            "royal standard", 
            "saffron brasserie", 
            "saigon city", 
            "saint johns chop house", 
            "sala thong", 
            "sesame restaurant and bar", 
            "shanghai family restaurant", 
            "shiraz restaurant", 
            "sitar tandoori", 
            "stazione restaurant and coffee bar", 
            "taj tandoori", 
            "tandoori palace", 
            "tang chinese", 
            "thanh binh", 
            "the cambridge chop house", 
            "the copper kettle", 
            "the cow pizza kitchen and bar", 
            "the gandhi", 
            "the gardenia", 
            "the golden curry", 
            "the good luck chinese food takeaway", 
            "the hotpot", 
            "the lucky star", 
            "the missing sock", 
            "the nirala", 
            "the oak bistro", 
            "the river bar steakhouse and grill", 
            "the slug and lettuce", 
            "the varsity restaurant", 
            "travellers rest", 
            "ugly duckling", 
            "venue", 
            "wagamama", 
            "yippee noodle bar", 
            "yu garden", 
            "zizzi cambridge"
        ], 
        "area": [
            "centre", 
            "north", 
            "west", 
            "south", 
            "east"
        ]
    }
}