{
    "requestable": [
        "name", 
        "hastv", 
        "food", 
        "childrenallowed", 
        "price", 
        "area", 
        "hasinternet", 
        "phone", 
        "near", 
        "pricerange", 
        "postcode", 
        "type", 
        "addr"
    ], 
    "method": [
        "none", 
        "byconstraints", 
        "byname", 
        "finished", 
        "byalternatives"
    ], 
    "informable": {
        "name": [
            "196 meze bar", 
            "ahar", 
            "aki teri", 
            "al casbah", 
            "ali baba", 
            "alimentum", 
            "all bar one", 
            "all saints church", 
            "anatolia turkish restaurant", 
            "arundel house hotel", 
            "asia", 
            "ask restaurant", 
            "auntie's tea shop", 
            "b bar and restaurant", 
            "backstreet bistro", 
            "bangkok city", 
            "beefeater travellers rest", 
            "bella italia, the mill", 
            "bella italia, leisure park", 
            "bella italia, grafton centre", 
            "blue spice", 
            "brasserie gerard", 
            "browns restaurant", 
            "burger king", 
            "cafe eleven", 
            "cafe naz", 
            "cafe rouge", 
            "caffe nero", 
            "caffe uno", 
            "cambridge blue sandwiches", 
            "carluccio's", 
            "carringtons cafe restaurant", 
            "cb two", 
            "charlie chan", 
            "chiquito mexican bar and grill", 
            "christs college", 
            "clowns", 
            "cocum", 
            "cotto", 
            "courtyard cafe at the fitzwilliam museum", 
            "d arrys", 
            "de luca cucina and bar", 
            "dojo noodle bar", 
            "don pasquale restaurant", 
            "doubletree by hilton, cambridge garden house", 
            "edwinns bar and restaurant", 
            "efes restaurant", 
            "eraina taverna", 
            "fitzbillies restaurant", 
            "fort saint george", 
            "frankie and bennys", 
            "galleria", 
            "giraffe", 
            "gourmet burger kitchen", 
            "graffiti restaurant", 
            "green man", 
            "hakka", 
            "henrys cafe bar", 
            "hk fusion", 
            "hotel du vin and bistro", 
            "hotpot restaurant", 
            "india house", 
            "j restaurant", 
            "jinling", 
            "john lewis brasserie", 
            "kings college", 
            "kymmoy noodle bar and restaurant", 
            "la margherita", 
            "la mimosa", 
            "la raza", 
            "la tasca", 
            "lan hong house", 
            "le gros franck", 
            "little seoul", 
            "loch fyne restaurant", 
            "lucky star chinese buffet restaurant", 
            "maharajah restaurant", 
            "mai thai", 
            "meghna", 
            "michaelhouse centre", 
            "midsummer house", 
            "milton park english and thai restaurant", 
            "nando's restaurant, saint andrews street", 
            "nando's restaurant, cambridge leisure park", 
            "nanna mexico", 
            "panahar tandoori restaurant", 
            "peking restaurant", 
            "peoples portraits exhibition at girton college", 
            "pipasha restaurant", 
            "pizza express", 
            "pizza hut", 
            "polonia", 
            "prezzo", 
            "rainbow vegetarian cafe", 
            "ranch", 
            "restaurant seventeen", 
            "restaurant twenty two", 
            "revolution", 
            "river bar and kitchen", 
            "riverside restaurant and granta bar", 
            "riverside restaurant", 
            "royal cambridge hotel", 
            "royal standard", 
            "saigon city", 
            "sala thong restaurant", 
            "sesame restaurant and bar", 
            "shanghai family restaurant", 
            "shiraz", 
            "sitar tandoori", 
            "spice merchants indian restaurant", 
            "stazione restaurant and coffee bar", 
            "strada", 
            "subway", 
            "ta bouche", 
            "tandoori palace", 
            "tang chinese", 
            "teri-aki", 
            "thanh binh", 
            "the agora at the copper kettle", 
            "the alma", 
            "the anchor", 
            "the avery", 
            "the bakers", 
            "the baron of beef", 
            "the bombay brasserie", 
            "the cambridge chop house", 
            "the cow", 
            "the curry house", 
            "the curry king", 
            "the curry queen tandoori", 
            "the eagle", 
            "the fleur bar and bistro", 
            "the fountain inn", 
            "the gandhi", 
            "the golden curry", 
            "the golden palace", 
            "the kingston arms", 
            "the kohinoor tandoori restaurant", 
            "the lion and lamb", 
            "the oak bistro", 
            "the old crown", 
            "the phoenix chinese restaurant", 
            "the punter", 
            "the red bull", 
            "the rice boat", 
            "the saffron brasserie", 
            "the six bells, high saint", 
            "the snug, lensfield road", 
            "the snug, east road", 
            "the sorrento hotel and restaurant", 
            "the tram depot", 
            "the unicorn steak and ale house", 
            "the vaults", 
            "the wrestlers", 
            "the zebra", 
            "twenty-four", 
            "ugly duckling", 
            "varsity restaurant", 
            "wagamama", 
            "wandlebury country park", 
            "wheatsheaf", 
            "wok n grill", 
            "yippee noodle bar"
        ], 
        "hastv": [
            "true", 
            "false"
        ], 
        "food": ["afghan", "african", "afternoon tea", "american", "asian oriental", "australasian", "australian", "austrian", "barbeque", "basque", "belgian", "bistro", "brazilian", "british", "cafe food", "canapes", "cantonese", "caribbean", "catalan", "chinese", "chinese takeaway", "christmas", "contemporary", "continental", "corsica", "creative", "crossover", "cuban", "danish", "drinks and snacks only", "east asian", "eastern european", "english", "eritrean", "european", "fast food", "french", "fusion", "gastropub", "german", "greek", "halal", "hungarian", "indian", "indonesian", "international", "irish", "italian", "jamaican", "japanese", "korean", "kosher", "latin american", "lebanese", "light bites", "malaysian", "mediterranean", "mexican", "mexican tex mex", "middle eastern", "modern american", "modern eclectic", "modern european", "modern global", "molecular gastronomy", "moroccan", "new zealand", "north african", "north american", "north indian", "northern european", "panasian", "persian", "polish", "polynesian", "portuguese", "pub food", "romanian", "russian", "scandinavian", "scottish", "seafood", "singaporean", "south african", "south indian", "spanish", "sri lankan", "steakhouse", "swedish", "swiss", "thai", "the americas", "traditional", "turkish", "tuscan", "unusual", "vegetarian", "venetian", "vietnamese", "welsh", "world"], 
        "childrenallowed": [
            "true", 
            "false"
        ], 
        "area": [
            "girton", 
            "kings hedges", 
            "arbury", 
            "chesterton", 
            "fen ditton", 
            "new chesterton", 
            "barnwell", 
            "newnham", 
            "romsey", 
            "cherry hinton", 
            "trumpington", 
            "addenbrookes", 
            "centre", 
            "riverside", 
            "castle hill"
        ], 
        "hasinternet": [
            "true", 
            "false"
        ], 
        "near": [
            "all saints church", 
            "broughton house gallery", 
            "byard art", 
            "cafe jello gallery", 
            "cambridge and county folk museum", 
            "cambridge artworks", 
            "cambridge book and print gallery", 
            "cambridge contemporary art", 
            "cambridge museum of technology", 
            "cambridge university botanic gardens", 
            "castle galleries", 
            "cherry hinton water play", 
            "christs college", 
            "churchill college", 
            "clare college", 
            "clare hall", 
            "corpus christi", 
            "downing college", 
            "emmanuel college", 
            "gallery at twelve a high street", 
            "gonville and caius college", 
            "great saint marys church", 
            "holy trinity church", 
            "hughes hall", 
            "jesus college", 
            "kettles yard", 
            "kings college", 
            "little saint marys church", 
            "lynne strover gallery", 
            "magdalene college", 
            "michaelhouse centre", 
            "milton country park", 
            "museum of classical archaeology", 
            "museum of archaeology and anthropology", 
            "old schools", 
            "pembroke college", 
            "peoples portraits exhibition at girton college", 
            "primavera", 
            "queens college", 
            "regency gallery", 
            "ruskin gallery", 
            "saint barnabas press gallery", 
            "saint catharines college", 
            "saint johns college", 
            "scott polar museum", 
            "sheeps green and lammas land park fen causeway", 
            "sidney sussex college", 
            "the fitzwilliam museum", 
            "trinity college", 
            "wandlebury country park", 
            "whipple museum of the history of science", 
            "williams art and antiques"
        ], 
        "pricerange": [
            "free", 
            "cheap", 
            "moderate", 
            "expensive"
        ], 
        "type": [
            "restaurant", 
            "pub", 
            "coffeeshop"
        ]
    }
}